ortsteil,PC1,PC2,PC3,PC4,PC5,PC6,PC7,PC8,PC9,PC10,PC11,PC12,PC13,PC14,PC15,PC16,PC17,PC18,PC19,PC20,PC21,PC22,PC23
adlershof,-2.8482943409345083,1.2219167890542197,0.9306504256469026,-0.7769052949620714,0.34480495843662173,-0.36862551613913364,0.17974683090661803,1.088750820826216,-0.17186205720082054,2.0263783177066044,0.8481122615794098,3.904120572025561,-1.305328765451906,2.56560219723595,-2.733887693515857,1.5940617763441856,2.024621267765076,4.6892997443025655,-3.5454036815922216,1.8387566014390464,1.4188930404614568,1.9232393638801886,-0.3734664891329408
alt-hohenschoenhausen,1.3819806806833028,-1.1692535649762863,-1.391294953641298,0.14114244444177995,0.13514007385039506,0.21438559721268619,-0.9193371247834019,-0.07240085573119355,-0.8093843254458238,0.9787044724225403,-0.17612330864103676,-1.4713348088948495,-0.027259712443123446,-0.09037216576660712,-0.15449611051780157,0.20443032801389627,0.09030330289332862,0.1918168848831796,-0.3627546702547134,-0.395248243215141,-0.2667618355630901,-0.11536003775973593,0.03370637263979106
alt-treptow,-3.4945875730294165,1.9705248102541373,1.4300875746150892,-1.32631293479008,-0.6377922733579535,-1.0402705353585826,0.16019408265410995,3.4418607839267072,-0.15214841896233358,-0.17183516499348445,0.40391340035736994,0.39754876352908675,1.4579490040277574,-0.4140017992542314,-1.3074693002542006,0.47530473803097484,-0.09813567024198802,-0.021360045748877152,0.18380771465632756,-0.01311335391812327,-0.2494911699676872,-0.959005418032702,1.0544638420545465
altglienicke,-2.0773405237135423,0.29405498865984764,-0.8262327202294213,-1.1641625240623383,1.0979337383514747,-1.4472100114331505,-0.7782199198999842,1.8141782088960572,-1.7523013677141102,-0.5042277721060844,-1.9171744656904253,1.7587241917395795,-2.354600346938032,-2.3468468935339555,-1.8755207878539517,-2.816008333797915,5.530911604111235,-3.564676033297984,1.317368686995106,2.3113613496432497,0.7651309027109964,1.0084565190184684,-1.7915620010784765
baumschulenweg,-3.4559032400372844,0.16055445708793684,0.027113972667857797,0.07408850802697033,0.023297562090367912,0.07186561345381566,0.5976017046973898,-0.009864327753859859,-0.11768552949674492,-0.5286704793657169,0.7611165848482931,1.0634643522918712,-0.08417793416261259,0.6447224042271396,-0.022852176561205476,0.018079639668393842,0.020893253308887017,-0.09392914054240052,0.06433199928714962,0.211898411770827,0.22616794416290895,-0.1646418288373568,0.11987764675736862
biesdorf,-1.216613696508468,-0.7846019618228668,-0.5291859892985875,0.5561649014599994,-0.07888004317994816,0.7260734187926984,-1.543611298483877,-1.0573911415113684,1.0009909325436508,1.4600649048017864,-0.5134108993756148,-2.036234946845932,2.008236065702477,0.9335547095507211,0.40808469306133,5.701465044144393,1.666811393972476,-0.6798517281178532,4.324695340537291,1.741317371646391,3.965897449018639,0.07142859007637603,-2.6318380584817973
blankenburg,-4.882087669496138,0.35938365734400135,0.7551757233694857,-0.01982285482498148,-0.17329641812910643,0.25000305315006904,-0.023900034028491998,-0.22149345947143081,-1.6110790644312385,1.8039841631217293,-0.673668410074042,-1.2423110446621524,-0.029142579030152785,0.33876487225667506,-0.17281631041972684,0.3243074255984979,0.17255246970981925,0.0973387864758198,-0.24766064809595756,-0.28051565054416083,-0.303929057406676,-0.044223271771120044,0.3383610457917324
blankenfelde,-5.18943049525465,0.8532089543610831,1.3977952235017865,-0.12052348217185295,-0.13310636388135985,0.22572343017989213,-0.3555533347772616,-0.19154400654230214,0.1549482572060837,1.3527251702983094,-0.26760657604009047,-0.9973967209226811,0.7901314812758193,-0.609929096823718,1.8367599233768857,0.4585846712875139,0.29062010811217237,0.322991382240198,-0.7053844904340829,-1.1878590987264905,0.04983466503992326,0.3053215998382201,0.3594785800628319
bohnsdorf,-4.4290136466171575,0.3117327148982223,0.0700546381628223,-0.2303261823881968,0.25821791922316767,-0.24749668783364898,0.0994839729030219,0.3866137000628018,-0.6691921827196612,-0.8384587880465968,0.2891783354425151,0.27431591500917923,0.012650294538478423,0.309577988404215,0.13145462533093602,0.31792591494025446,-0.12111172522460215,0.07814869010274154,0.04081620162663453,0.08381132953805477,0.0024971984165683262,-0.37560572482712906,0.23759436355644462
borsigwalde,-4.929626453255207,0.7673051321306371,0.7699565890777567,-0.20900057440638387,0.49836378442522594,-0.24914018023191092,0.3321502200226977,0.02034431467216501,0.574269085495454,0.0911115843736203,0.579336024977303,0.24216612901489273,-0.007859382317573596,0.7228709844391487,0.9954291040986173,-0.3942213040620752,0.21709478269537838,0.045809588390595145,-0.1893129430580015,-0.2511350996139613,0.41842950001381213,-0.10266165065502449,-0.056603647767811016
britz,0.6326210536122436,-0.5292509899278762,-1.2588453272343,-0.10287962034435452,1.078651152635294,-0.4981880559883043,-1.7849872104261642,-0.0834193506092689,0.24657790804239949,-0.13009904451065502,0.30458597143171634,0.5061098760989314,0.9418783805360826,-0.0025214628196560977,0.500278219093332,0.5128940707976303,-0.2693923016164513,-0.3600884635361512,0.3301577597725138,0.22893197557290368,0.03424101678431421,0.033069208542509214,0.8031393074078319
buch,-3.578554101526828,0.28538718804482344,-0.5467289151524333,-0.34642289774781904,0.8771016724049423,-0.5182208081624988,-1.6585177962140936,0.46733459716717757,0.698250872334464,-4.2002922438705115,0.13972676598892214,-2.556525335194566,0.9147345423179035,-1.4532482716093165,1.3062732782005668,1.76883665544417,-0.061108485359983415,2.4940096111609473,-1.2916781061998879,3.9570862979731856,-4.4296491875336255,3.449805010125243,-2.283837140719811
buckow,-0.39295389890260435,-1.3571440193892914,-1.2435629652498197,0.4046993000059716,0.48990678678967153,0.0883384112851494,0.021812103203676683,-0.29404598777495555,-0.4767706273480863,-0.042647788955692364,0.4988573018255307,-0.24024932280703673,-0.32882950658892945,0.2956798313117785,0.3184293002294419,-0.5968700309768693,-0.0028490336858900257,-0.015618901065707657,0.04883131550025827,-0.09188522704928996,0.035793825453400256,-0.07878178548076047,-0.15408117121919537
charlottenburg,17.79710432743692,-4.853219633001287,12.684556150081566,10.542291444947052,7.389549213661228,-2.8577768129109278,0.27820586583865137,0.4671041927082579,-0.9162845020874906,-0.7848334438919978,-0.40013024428290206,-0.04370895426573936,0.5137289888716031,0.10583372205970756,-0.2743554420995054,0.1529706814648257,0.24843387278637707,0.05888244443916134,-0.04141674982031751,0.0009813701659611197,0.08939698221678578,-0.13538776156916973,0.4846705883134569
charlottenburg-nord,-3.162789985166537,0.26502603851852835,-0.22700159624732785,-0.15775130476316,0.8591524318282261,-0.4657626922233561,-0.31591542192614913,-0.16517575207577678,-0.21302642357344548,0.9600923218057829,0.6229006027889752,-0.6030570123285579,-0.23418889977708,0.4925333312344459,0.22833229967590732,-0.5100943837198573,0.23545411078440212,-0.04864756730362346,-0.03872637344076618,-0.20043856467769378,0.06366543236211271,-0.18700940066782262,0.042751992170928316
dahlem,-2.890411624315205,0.39074920739589214,1.3187307518811786,-0.1868470790728347,-0.8047135253384047,0.5086828224531559,0.5930090061721291,-0.4801740921072863,1.6939993285228718,1.0905672843224596,-1.6485018396067994,0.3643714407633917,-0.22129296638276447,-1.9318076247347287,1.3763283777453474,-1.0530754041361836,0.43519101568765073,0.27049798953610016,-0.3624187073780044,-1.2281472993291138,0.09197891535305176,0.8570397502042834,-0.6572211330723365
falkenberg,-5.713289410646247,1.7503650351823705,0.21006045776566898,-1.33106313425333,1.759177577119215,-1.8486078357694997,-1.3435053717953118,1.189233624019029,-0.6697209787219074,-0.10372822134903414,0.30671248046565,-1.4476559597286518,-0.05396712163957263,-0.8788358313544841,0.20341395439911994,-0.2559299911289629,0.3029734997590943,-0.0027406184711075763,-0.34947417288413296,-0.460186730495768,-0.012747822156537532,-0.37924437304373937,0.5435704685614684
falkenhagener feld,-1.1454137544270695,-1.2573591319602109,-1.947884739954141,-0.10246112407467058,1.0505650315603545,-0.7088956446754262,-0.4340109708178883,0.8205817603275638,-3.6761225146819294,-1.121327320843442,1.3860759540995464,-0.802555242388149,-1.2218243746049446,0.37879429411372684,1.660425540146759,-2.365279222641439,-4.735190151149523,0.2803284130555496,-0.6907742681602506,1.3634974502702821,5.496338141379524,2.0306405928107396,-1.470705195097308
fennpfuhl,-0.9730783560593568,-0.8020423747987108,-0.5824999250981198,-0.5489573568870537,-1.0876387082715113,-2.160549054036285,0.5102102177457405,-2.4099362977136383,-0.36019841282778553,-1.338661505422325,0.9840842959374295,-1.247949711084265,1.0486765282453436,1.684575130329015,-0.4290519607650691,0.1259014487703982,0.43001920058533044,0.2982214335351896,-0.2516246221147469,0.38067293296077775,0.38714870845398164,-0.5428967496603199,1.334244713233874
franzoesisch buchholz,-2.783879301704566,0.30573969391889827,0.0017515300065683904,-1.0717807470046918,-0.28780020731057726,-2.0577782529835402,-0.07790397297370967,-1.709669312759826,-1.8901438128616501,0.8522191572648095,-0.42428680045866285,-1.4414404644906222,0.4608882814926286,0.2894316840363183,-0.5719219402832437,0.2490511552040816,0.6952802518408897,0.4104748871123516,-0.6203680649487805,-0.268804743536483,-0.07123937526150496,-0.3157064173062997,1.357651285147571
friedenau,-1.2329831425592876,0.20551748527904465,1.2938467378357932,-0.330876308837133,-1.5575445417424725,0.41725888205502204,1.0066327577514038,1.2735111137245188,1.6931575557602312,1.030715335566451,-0.380444453072234,-0.015308692890794912,-2.498918461718548,-0.6764220999589202,0.22769134548895226,0.8950861669737633,-0.33428763635518677,-0.17133795314654862,-0.0005503904005728897,-0.22413441043366167,-0.33722910228627745,0.21301991844656135,0.11731745590209842
friedrichsfelde,1.919292382672722,-2.4586384646001416,-2.769071879659806,1.3861405738204713,0.09269581942210674,1.0210892453730829,-0.18274011432469267,-1.6192233492825643,0.3680914683746448,-1.8533747720284068,5.636513917013123,-0.9693302433269312,-0.09792011336963599,3.5518709498921828,-2.1121806963087724,-0.03076972913534528,1.5735538665141406,-3.131829437327855,-0.0037390602694749543,-3.13266724158088,-1.430536610174446,2.9336276470044225,-0.23122910967189422
friedrichshagen,-3.031693466670687,-0.9151200670883315,-0.029991048977164803,0.9099029620735607,-1.52047694647835,1.573439719028178,1.471715143719482,-1.1836557393695002,-0.5187453479200191,-3.595631087935772,1.0263389536372143,2.674591168642237,-0.35971015589310984,-2.6687248294584247,-0.5099525371939129,2.1355738994170648,-0.12363429308657607,1.524124751981772,0.855106796185891,-0.727937834134122,0.2948521646976626,-2.5974426471730423,0.1938346165667363
friedrichshain,16.035851937450033,17.15574162329571,-6.267506267188801,10.02979305168888,-2.696451944613957,0.17727932835809035,1.234285082605585,0.32536499243320993,-1.0506893965538222,-0.9633918240345447,-0.7901997641663928,-0.733417030552103,-0.12006820229883751,0.40370876151196483,0.34472042691779164,0.06907767444053926,0.45293914187024126,-0.016002114202517667,-0.19872557125197177,0.2501567904769006,0.30826342129887413,0.04463449031683292,0.5659979715374256
frohnau,-3.608694274777813,-0.16233321005830034,0.47487837611029415,0.4095311351838777,-0.6201275729729419,0.7905819532750195,0.10316130769595741,-0.8618395314766512,2.3658552618595525,-2.6958099564029223,-1.6700093179081044,-0.3328489568663533,0.10392248174272836,-0.21480869027274482,-0.19984171189453506,-0.7369089896685082,0.4019566226951905,-0.5524202986134947,-0.14586183529215535,0.33104882536605384,0.8539669598400912,0.3261154900058711,0.22660535015198152
gatow,-5.60685513947447,0.8150586543274968,1.7048920337998175,0.0355644892716178,-0.460521138856468,0.5842176447267232,0.6509474824126721,-0.6121863410859514,0.5555028110706287,0.2665415493381626,-0.8553678036789595,0.046499515358357245,-0.03598630239186685,-0.3699641351808984,0.8045545835773293,-0.5635557891158275,0.06544903070865979,0.15736656178946437,-0.14176584586068122,-0.6483868083344612,0.11166324256865812,0.1513823039168445,-0.19898998527912343
gesundbrunnen,6.935629564350349,0.15651325897107965,-1.881607718720007,-1.4791801462949217,2.2206059894130252,-2.223540503066818,-0.7988326992083581,0.4450956401338547,-0.1399538037252229,0.5821545368339016,0.7957659293407909,0.010514969192688305,-0.161249549322382,-1.159739207679079,-0.03316043784731174,-0.03463060325353473,-0.8853849137154144,-0.14112114469568576,0.3317051484664633,-0.4169059233821884,-0.5993815622085725,-0.543893878373078,-0.6624322727834647
gropiusstadt,-1.0164401411174817,-1.2516548600076367,-1.5276284884465428,0.3378105790335461,0.5904203124008369,-0.03289899637651771,-0.18806981897006567,-0.290579633070553,-0.11853247306376356,-0.8116759143829995,0.3110975086569882,-0.20856452330352504,-0.22735090590078594,0.2519839104562326,0.17305493647779663,-0.6208920418307634,0.07152155244255844,-0.20182822357020158,0.05864984159884988,0.06519397177248984,0.22195903577222942,-0.02703999342530623,0.09536287187607895
grunewald,-4.1584164950246825,0.019319433357182385,0.9071829235234977,0.7459802651207993,-0.8014190044026814,0.978608285356966,0.3335557354404026,-1.1761416414919024,0.583637803564593,0.5889913800440971,-0.4105100858502399,-1.1975143008576767,0.1748241582713136,-0.16156823967636158,-0.3941369450117442,0.014048330085725149,0.05205121975718607,0.017198901549668282,0.0007819455260751464,-0.1483294536297709,-0.09645662344812474,-0.09831346861555557,0.08454910272657061
gruenau,-5.261975102565908,1.04303164110004,1.2343991663089429,-0.1791403895642089,-0.3043923802957121,0.422734645182031,0.7156172557042167,-0.3311335353318948,0.4835917881114857,-1.5656701099864128,-2.406654917497559,1.4731269980056065,0.03537832059791708,0.9655713023151731,-3.0985313925656017,0.6420768671247455,-3.3914007542397484,-1.934159384504092,0.1079483616328686,-0.026552120700055495,-0.6559732664307056,0.7998793994891019,-0.8783331274330616
hakenfelde,-1.325063934506846,-1.1777983947225195,-0.9704745637575232,0.5432643485889191,-0.2526581428062657,0.445529833209167,0.30162980685573104,-0.27373476909860445,-0.5538541558151249,-0.124132213290044,0.44158277662731077,0.3153342526561359,-0.09040239073457618,0.00015755837007563685,0.16061487766733015,-0.053564057960117754,0.12646727388455775,-0.070152426888547,-0.028143914619893327,-0.0009188721115037968,-0.01761505984408462,0.08273501143458707,0.16183541136849378
halensee,-3.2792651830268675,0.8398050652128987,2.3998437725063937,0.6467917844392183,0.2705097473672395,-0.9281222310698914,0.7141448890979787,-0.634595854364613,1.5725876837593213,0.6433013172615741,0.990115832817449,-0.6304413598541851,-0.5561830032339375,0.6756073247015079,-0.9510175859419476,-0.05078702744712166,-0.47020317851938676,0.016204138168345088,0.257951708488267,-0.02421027191532096,-0.12177723180728464,-1.244951796725386,-0.8849730168868338
hansaviertel,-4.9642195390491235,1.7156118815527657,1.8467732231053964,-0.030779992646227664,-0.05722132395312559,0.1200240261843492,0.5826588395532915,-0.4713672209538441,2.5531578526769727,-0.5985896007602982,0.7994449806527377,0.24113502231543893,0.12362722323164646,1.193106668456994,-0.4354231930199922,-0.10211105930455212,0.23986748377235703,-0.24831212805914696,-0.2146287825963179,0.18886500702372233,0.7365924625378352,-0.5041334820926078,-0.05051231476695866
haselhorst,-3.8340183234844605,0.5706136114517594,-0.34970921716333353,-0.7233948785186991,1.0395431983759977,-0.8898540170344565,-0.5972964204923037,0.7526634209871969,-1.073300383224226,-0.23390139876210755,0.3307113099388116,-0.0852024993753762,-0.1479376223627067,0.21859728027158054,0.16162099694894375,0.0410167636240784,-0.054085582408997794,0.06753676019737118,-0.023630434916606834,-0.09033748238388847,-0.07754970929505695,-0.3780145133300124,0.267604355129898
heiligensee,-3.6798434359127747,-0.22720096422335903,0.33954258116143793,0.2292620970446819,-0.1026845658064591,0.27255177605038394,0.5772224438890874,-0.5089409965874165,-0.2238026859158604,0.3364967881718994,-0.5831969696008185,-0.09889876148348582,-0.3506290228365289,0.09929304637285155,0.025542019535595595,-0.6083845784120642,0.07745877645893987,-0.05152535540862046,0.08741571820864484,-0.1092770578532213,0.06907938280681819,-0.017577323174297884,-0.08211847146785474
heinersdorf,-4.986662776691414,1.1289988752265356,0.662639358191967,-0.39081687336610443,0.5353332863983955,-0.5028809568775447,-0.1471544872060471,0.14267545939365292,0.2245123569489272,-0.451290548577555,0.09187961645612015,-0.30747294875104514,-0.07931013276005483,0.2804466755226746,-0.6369424841614328,-0.1250578280349324,0.07779373383651575,-0.18724120221241972,-0.011118985735148832,0.15998327210197072,0.15928340608275987,-0.4817040465818927,0.2488939512694583
hellersdorf,5.611243733902985,-1.4128559398848666,-3.677720139409002,-0.6814815484971247,1.3380814942228785,-0.9336672054236601,-1.8130775535442498,0.6297910103178221,0.08144772251357789,-0.2790562952027156,0.11057867866706092,-0.8506862664752485,-0.3264712676604475,-0.6058580072626488,-0.7701408673551908,0.2731129847168686,-0.23384090070807714,0.1413692223811966,-0.04060547227674632,-0.4111245817162403,-0.4766297603669409,-0.7326171202109941,-0.3433144687132196
hermsdorf,-3.148019220278166,-0.6036156306793011,1.185907564470169,0.5489785055731148,-1.4923713842217678,1.2402883172897914,0.8441316220014669,-0.8112931503879871,-0.8660952852462656,1.2398019904078217,-1.2626655884313591,-1.2516248813386825,-0.09464211974132256,-0.30245756243091165,0.40115540305435415,0.3339536365628472,0.29968227578174217,0.22705046125730355,-0.46555992575298416,-0.5915182206039794,-0.15230177580464221,0.40017144396160415,0.17084166520233743
johannisthal,-3.160103703055591,0.12055559089558215,-0.06206241103409143,-0.11421760156716838,0.04181260305233788,0.06362636787243768,0.17131075836900814,0.06459422575100661,0.2899029934972874,-0.6456461855703928,-0.13192692276905144,0.9563271110164099,-0.13418266908666907,0.33611351847359305,0.05208764222236831,-0.18897157866862527,0.1296987388479489,-0.11636847401783006,0.012607530739527353,0.08786805675637771,0.26710618719935086,0.005597123676745019,0.08042563243826373
karlshorst,-2.0462747312544667,0.6014330189059867,-0.37974247776310294,-0.4006080210324043,0.4349740714930721,-0.7440318060904774,-0.4073981042031597,0.14426291537793803,0.1846353028769999,0.0028658444237868747,0.5609448001901177,-1.1314859131588142,-0.02688242149557276,-1.1699061095634735,-0.7947637734634637,0.3232651779138235,-0.113712580270368,0.13795656895605807,-0.04440602074688699,-0.37335828416976274,-0.3946807476688546,-0.6704856919452412,0.023399267287111405
karow,-3.165492837956248,0.33902852743019085,-0.4488925767047752,-0.3899383837278025,0.449495436533737,-0.4971240176066168,-0.7717260748619721,0.3001522228946635,-0.3518927169013896,-0.3368640218108022,-0.19460223710036667,-0.7969550811644487,-0.0521370311244544,-0.536431099823162,-0.6194242533127646,0.29394454841550455,-0.029910489407814028,0.07358200451848218,0.02225846780882643,-0.1379150938779272,-0.2712301483207744,-0.46990713945779755,0.30097450354934996
kaulsdorf,-3.0383979483153922,0.18963033447598773,0.06291868243542231,0.07787240663020417,0.07474414044224816,0.1076217573381937,-0.5197088533446522,-0.10740343566493114,0.1834865149089493,0.04328765203270472,-0.008424309702971615,-1.0556207193762286,0.14897639637734478,0.1050599134050311,-0.6062637325776354,0.486362101286485,-0.09714153647477876,0.14399425965142496,0.006961169286184224,0.01269574035248545,-0.1647410104002459,-0.5102509646079562,0.1697635298046642
kladow,-3.7313917791164877,-0.16767907946852675,0.4716181851726973,0.09801782273673967,-0.42761819206619134,0.35113265903938806,0.4746280508489055,-0.39230907756951966,-0.7956329156962791,0.8636000095290042,-1.3043455285962091,-0.23099618951653922,-0.38930175248328014,-0.6050380219352169,-0.2271548938208919,-0.4932232663841573,0.15291270169987703,-0.027175140217261445,0.01273510421320247,-0.2527080803008421,-0.18381833905101921,0.1932977840061147,0.06333286915538767
konradshoehe,-5.487516453512971,0.28473734921659016,0.6771468093337049,0.15070819729876586,-0.0855138256799108,0.21412759641293394,0.46805312317578085,-0.48331420001757885,-0.3668597600685875,-0.4887896964094245,-0.4403084553193692,-0.37387799982149716,-0.11556527079129851,0.22959999598630454,-0.07315462824448069,-0.21804583484383772,-0.08408324407176415,-0.03182981556838362,0.1880717257966206,0.05486381066266477,0.011944702003343806,-0.2575821342953616,0.1340836198825938
kreuzberg,17.86248215255493,1.4942967691698683,0.42724494964225124,-2.354853965708041,1.1418815433614855,-2.07133435749672,-1.0950931912780804,-0.07005761714202124,2.2327716213118474,0.6609772459529885,0.2521026284534821,0.3277464202414736,-0.4196091256760839,-0.8933466729613623,-0.18909031356837933,-1.1545578262466143,-1.4167327371585807,0.3799888626121287,0.5957886559070465,-0.597307963341767,-0.7586417750748018,-1.0928361842784533,-3.6823704675262214
koepenick,3.8919061062623057,-3.5017133275547097,-2.5134894201346962,1.5415049356660346,-1.423284027138928,1.9890102971165982,1.5149938290249143,-1.2932389610687829,-0.9913053990558262,-2.270968844499915,1.4474164578587039,3.4778656877966467,-0.7745634909412844,-2.406470809191979,-0.010955066076661062,1.3793729708813278,0.17967283398378592,1.4659547231461665,0.6404770497751098,-0.9211598046839616,0.3810792612972064,-1.964464201681718,-0.30336835810933704
lankwitz,0.2640649522526698,-1.6563777378148048,-1.178782775328107,0.8021776840967896,-0.6814019913067957,0.7558637664343016,0.472120976320813,-0.3478022505995397,-0.04209847955811072,-0.4464525964751647,0.3438777442887954,0.24814279670270267,-0.024082376597565684,-0.1751940875737234,-0.1141443992354219,0.20326953844501913,-0.04665919996074086,0.031817516217058306,-0.037936893393655115,0.022954638803711486,-0.03671538389123893,-0.022412725279441492,-0.03369169908943774
lichtenberg,0.1918569185715955,0.6620071423204034,-0.30811065027337126,-0.37173307056240573,0.5618156804594524,-0.4348876286647269,-0.2363395996750988,0.2321603674214674,0.43435076853833116,0.20042224461875593,1.5397923169143553,-0.2620359055658765,-0.06170306616021254,0.2503086002009599,-0.47786165401215785,0.4975057375658181,-0.007209998094425643,0.11252071531203003,-0.05481698070237264,0.03324723606070095,-0.07863371015878123,-0.47526194724304793,0.016561859651333114
lichtenrade,1.7661835299915354,-2.7593883135984343,-1.193790248894086,0.9793995360503868,-1.29047979524887,1.2891711017626795,0.41753920120227717,-0.3503113482580808,-2.026865592293573,1.0463122551460657,-0.825928998077977,-0.7092901482069535,-0.19472012463626232,-0.3310410153820134,0.3866262094123062,0.03404041086708432,0.1891746449495636,0.17176047183554696,-0.578345004250526,-0.4552397814853192,-0.18595977580615236,0.4943668662744534,-0.0017026646509750195
lichterfelde,7.037189925516213,-4.396682671321729,-2.5545812453258985,1.5747337027080996,-1.7093218897910627,1.768570295141841,0.5458845582510403,-0.5663448732254528,-0.769495065427784,0.34283445084503,-0.33016246607981015,-0.06441671100771142,-0.2893238304049535,-0.8359746040926854,0.20216363028630308,-0.08635013261089389,0.17094706760925965,0.11198965516990038,-0.451844184289409,-0.18035124669639765,-0.05907206098737869,0.7387717570272299,-0.24837476615671253
luebars,-5.210911511951618,0.7555333462193163,0.6612222122674146,-0.195754958818083,0.2592809888034626,-0.2517974576482067,0.07293604580414469,0.1286268761981116,-0.10218526140400329,-0.3657680663340788,-0.024325288023533495,-0.14552667555680154,-0.07603294830016465,0.061582984033651596,-0.31201122079256377,-0.14289452409094494,0.061077655425289534,-0.12384063730024963,-0.015833270010930506,0.07512408056331557,0.1055814344821931,-0.32107595180134757,0.2972573676734636
mahlsdorf,-1.084838623897332,-0.8272997520592934,0.4477235231260742,0.5493942361933674,-1.2412955360914502,1.1207797510551216,-0.15073843813731844,-0.46004444574694286,-1.5128444071639136,2.6433143250902758,-1.1047428772323091,-2.153390407946441,0.12312423752465403,-0.08884621709174637,-0.30747794496490993,0.7669644886140428,0.2925247631260741,0.33123707593011803,-0.7328397026018322,-0.6678095503512461,-0.4368175090683822,0.06650362906514348,0.1195160925009534
malchow,-5.660461868258719,1.5191780567524191,1.8033804232222892,-0.2599184128147931,0.23449833487403562,-0.0585291976186797,0.0921521810868463,-0.2624623910951125,3.487445260737525,-0.7854094831658975,0.5483616751848275,-0.6796724444829029,0.7197398426023611,-1.1909380722116307,3.515950392744068,-0.8818604580112058,0.7856319403667505,0.41219060502832544,-1.2077782160629063,-1.8927925471339309,1.040864621476979,0.45567278424488095,-0.372004563345765
mariendorf,2.0114540065564714,-2.5793446188791607,-1.6085149393777902,1.1857437346342514,-0.951896585292744,1.259900486463578,0.6035231967948587,-0.3863381692181207,-0.6502779040402208,0.06655569967625438,0.6141967271662785,0.6787545658413987,0.04356055029395822,0.09103534582030413,0.5652919925194695,0.09083094475076285,0.1628890717059662,0.013311287761585494,-0.23620923120909948,0.049381633830264116,0.0836855109410302,0.5181366316767463,0.007369062033456883
marienfelde,-1.6028075082706352,-1.0643448569327598,-1.006340459374496,0.12470929975646283,0.17063047634352815,0.055238954487660905,0.15815881038505955,0.052292396254776524,-0.7130193518404385,-0.5436908813587522,-0.2153154647918267,0.3164446751367262,-0.2560214330158669,-0.08745157465506846,0.3860148228049622,-0.34495906780081564,-0.022552246799386964,-0.009479563494992892,0.043293141862885375,-0.043185664666349224,0.034682998168601674,0.09092025635713952,0.03174286929787361
marzahn,10.969645165570174,-5.435847109909171,-6.563265137772078,1.0031979566083924,1.052002415050541,1.4235384935320676,-5.960328388805744,0.14004199365523098,2.9819279793391247,-1.241843396582279,-4.549146554067341,-0.36440482268300495,0.10734711826637855,2.7178328097307416,-0.9071931897486505,-1.1908627674926058,0.8266440942488092,1.578053569349791,-1.7422561078150545,-0.82791789462342,0.7536688569102634,-2.2184334059591833,0.570727986830962
mitte,15.237135902747845,5.0962035470531974,8.809097525374874,-4.536493615246388,-2.755558302741802,8.573267552977617,-6.225942149848699,-0.7510266520250789,-2.6923763595199213,-0.8362720465491756,1.8999687904039677,0.04982452339344397,0.7686391391037439,-0.6391672498276271,-0.3833978492814988,-1.132323048606054,0.3224219552929681,0.0854085918793141,-0.05376106637226803,-0.260620494037657,0.20078712045340907,-0.1438842661259625,-0.3612545974915366
moabit,5.766410290918397,2.4509591609951387,-0.757784106326867,0.47788376196234494,0.8199790389998829,-1.089956192734665,0.22194115877416903,0.452435283447085,0.7230506663938863,2.1759452780146837,0.6498218074264144,-0.1352771532265656,-0.9702325810649047,0.4430765297423075,-0.8835608719829436,-0.540897689072629,-0.5589795376935385,0.4580591147513522,-0.25921354216111364,-0.7198028107264881,-0.5302420884172684,-1.5002941054832275,-2.788426091877415
maerkisches viertel,-0.6965154792991574,-1.1161791721455043,-1.6771588423822492,-0.6270455657287817,0.09818477586507897,-1.4483820575165476,-0.41819227635558337,2.680852932033067,-1.923394470070807,-1.3496602709259646,-0.11473509297321317,-0.7036904082096888,1.838313594791439,-1.3595776710803111,-0.46105255309223075,0.11332104883791684,-0.44218635790795463,-0.4952277740781355,0.5746228552624862,0.052854175746057774,-0.41883845922905766,-0.6301793388143082,1.7160318417856497
mueggelheim,-5.284490593635596,0.7270514558313438,0.6682580158793486,-0.3441042115218051,0.28072571603760355,-0.19326129032295555,0.2859412006646865,0.2255624362944222,-0.26129819440578117,-0.786490552891463,-0.27675979279762053,0.6282345566820206,-0.14988621262376237,0.62310133105315,0.08895583745782587,-0.22198433207341137,0.026552233444466656,-0.120743022771979,0.020934959174041753,0.15854108577567294,0.27723581778188666,-0.20365640531739232,0.15611909583730021
neu-hohenschoenhausen,1.2849312956646863,-0.97675829249748,-2.3380658818892885,-0.29807726453173444,1.4037803961529793,-0.9745933390758086,-0.6737743845341276,0.4148616749729253,-0.1350638259570961,-0.3698168171720309,0.6240845716350489,-0.7129708090777954,-0.39981656724325504,-0.2687465029761843,-0.23336103180341,-0.39587837157795897,-0.10888250053333398,-0.03970766446445362,0.024946300411695512,-0.16291487526605106,-0.06519264017939164,-0.5885699443302921,-0.21929066921598178
neukoelln,18.320717752177714,2.727489995605569,-2.093906786230212,-8.109857110874673,9.197807311474893,5.40511330876934,6.845692241268145,-0.005888738128793773,0.06550252097054292,-0.6143451149120779,-1.5325021921975543,-1.1921158855062364,0.3887095033467643,0.7206792444671302,0.20348418436580964,0.8171354304652644,0.5280148157838019,-0.12405303139540198,-0.1844668256165589,0.3417676474863319,0.29632953363194614,0.23502306251704816,1.2699089006862438
niederschoeneweide,-3.8764453350891537,1.3610507426646201,1.0411163617396835,-0.8109113032397431,0.24196288571462946,-0.4997888664116023,0.33087819573160265,0.6353081642711745,0.31583065550436956,-0.43956237149389493,0.3457802969279548,0.987781430911295,-0.26615469656443247,0.13139370434980424,0.22797012679659387,0.06518206442820652,0.17766430905994268,0.035589600276788015,-0.1796245326516352,-0.15422462758013866,0.25580596384256754,-0.14698225743155258,0.14798878269527793
niederschoenhausen,-1.104376659630842,0.578473685979822,-0.6506841955769704,0.24053321921576568,-0.087975580720825,-0.32554820347687563,-0.3042788054384801,0.0645007465772588,0.4513996214408992,1.6419015233657974,-0.36016521593924866,0.7891766616436487,0.10159706063853824,-1.3658608883967935,0.46527096624479947,0.053219207216396607,-0.2662935510411489,-0.2893251553927721,0.5004448236320235,-0.4338647587038114,-0.2794603608957016,1.672667293454176,1.4626341103405143
nikolassee,-4.157252479729173,0.13223169348445918,0.9401886001966439,0.2577702060344968,-0.6826547327064607,0.5536231293361868,0.25730071217535816,-0.5992965904177252,0.22203834191351893,-0.4073464927552172,-0.9927884517415716,-0.020154166134198476,0.3217332650649513,-1.0430182017987417,0.13935656227352225,0.11954558928057035,-0.134777461433992,-0.0037025082471201076,0.09238920848047044,-0.29771831848742336,-0.1489046824933027,0.06820494905286136,0.2559407657538114
oberschoeneweide,-2.4872762244952544,1.3737027278276892,0.3123410311438046,-0.9528242693997767,0.7679489843110969,-0.9208391757050959,-0.3352948823105994,0.863676978006276,-0.7154876239881315,0.7446949671485741,0.646035501620135,1.2010367513346065,0.10929488034914728,-0.17128788533374845,0.010806954782759984,0.3708195380721049,-0.1124453586891454,0.007632162118826457,-0.03885594876142967,-0.20073079006482178,-0.16311179419692917,-0.25488555448294664,0.22846478318634023
pankow,3.1971750905689986,-1.0306147096910545,-1.6322094171414543,-0.4472285946666509,-0.5296820071717191,-0.6347997077095627,0.8593471151947841,1.1707411557465564,0.8824827215492794,0.6977033847031145,0.9904536103423854,-0.35207732859618546,-2.7458155626786698,-1.211701692823324,0.10633139743284586,0.5921471525858499,-0.3777486910847019,-0.3415954684050928,0.09196966667623224,-0.34080470194780543,-0.5547596089421969,-0.0012167886928178262,-0.10722851517685354
plaenterwald,-4.5404983136882,0.8740953080941005,0.5891145028678688,-0.26100595116267866,0.1297453190016235,-0.1707663462176413,0.46742936659282774,0.22618091385840322,0.2253175409291257,-0.6028455273929195,0.48094420387221104,1.068931737696238,-0.08099116716957742,0.8224073396626932,-0.16739287270380873,0.10211155807155765,0.040584687640634415,-0.07761488304202935,-0.01176618661360607,0.16837149135873852,0.2895839962041529,-0.3705135817021925,0.09477036983296788
prenzlauer berg,20.58935819903688,0.9870188200172814,2.410577748076902,-6.249001018255213,-4.687694220600312,-8.009735418727256,1.192664389889538,-6.65568495105348,-1.1897097087550144,-0.6807495433661623,-1.1670507445422222,0.6803722942786411,0.9232314563296189,0.07843819697977175,0.12778255322217966,-0.13376829814065072,0.5914345338128404,0.18088684445119485,-0.3740227765427386,0.058213984032073764,0.3463385931129844,0.6572071116676892,0.2924014530350392
rahnsdorf,-4.8016457650194955,0.1356775517404712,0.4663381360274199,-0.19935269448122817,0.10208927437413254,0.22141956465994084,0.49015309204682506,0.27102477085664584,-2.776496569665927,-0.20907355452669435,-1.7526894281944263,2.022168281066466,-0.8464016241936235,4.570682925796348,3.547462925305442,-1.493204266777175,0.22466094772985284,2.1662775906223786,4.815177681083591,-0.9575647772725109,-3.173506938369881,-0.2718243418632578,-1.3470999419643739
reinickendorf,6.916350169276761,-1.0589133499650163,-3.4296328275412264,0.2629394029690721,1.7001260042504651,-0.7595105261796318,-3.3670811846428332,-0.06824493446392264,1.0079607585691353,0.8804178834561126,-0.15689385650265222,3.3560699870208377,2.0990587307836015,-0.7183738073503726,1.4882253954806626,1.0417049217734764,-1.0368995186928853,-1.2067191419716754,1.38009928040955,0.5147017269421134,-0.1491840128157996,2.238857245160043,2.860418049789452
rosenthal,-4.46305755239937,0.6197590965654383,0.5732386393180372,-0.3795726333740366,0.15292390151307073,-0.1914322595378235,-0.35809361059750516,0.3025457422493166,-1.819523297007575,1.565945215363871,-0.41965876404808833,-1.1624147107367382,-0.02699393596045196,0.05640114781524329,-0.30195115470947853,0.49870443100698214,0.07361701113373745,0.16384417299010953,-0.29270350424974917,-0.32874053482006244,-0.39700240309643475,-0.22249884398161693,0.3827099676209682
rudow,-0.24357490438751356,-1.4734903692466406,-1.132191542687156,0.5652827396054149,0.04220342221070266,0.3387920532093046,0.061621855495626224,-0.31292485962257827,-0.7306920095131602,0.1429420402188356,0.12275865020980577,-0.5996274371586282,-0.2438253773438065,-0.012748764788759647,-0.13797019148174672,-0.30711037843732036,-0.06802413815548485,0.006328455168497223,-0.01327725568125944,-0.044805169576979664,-0.05901360064468598,-0.11811302256052128,-0.039888181472032276
rummelsburg,-2.327192594318416,2.2114573797464985,0.30267179111736636,-1.221292071558061,1.3763337620658347,-1.562635993940865,-0.9556680240288192,0.7268412125998331,0.1001153764063083,0.6900721361797321,1.2995751175874322,-0.34764332131929726,0.27949970542448327,-0.5847910598344875,-0.9020318936912469,0.6759162162897545,-0.2749130230111192,0.039972398078562746,0.01943455952256496,-0.23918259985210383,-0.3902338158432681,-0.9318190051336398,0.26826771672645827
schmargendorf,-2.2114571337095206,-0.38589468503328456,0.8203236220873751,1.0025518122013468,-0.5671376338339179,0.5738496175916368,0.4777055996021747,-1.057503544826226,1.0913580155253415,0.48850688197132486,0.2551139294998762,-0.786451422653722,-0.09197937742204201,0.14859996844464854,-0.6584904068564434,-0.010308099344556433,-0.09563081332634561,-0.005035474840081022,0.13672616940057464,0.02942992065800946,-0.09699370470774109,-0.4007234840694219,-0.29381182407305134
schmoeckwitz,-5.6060837525143485,0.8306978477340312,1.0193266910211096,-0.3710604568658982,0.2569066338229699,-0.0026770162007078565,0.26700922287279377,0.166966660526121,-0.2622479658897205,-0.7912815056187693,-0.4793835659991413,0.8478585433861868,-0.12097767785348998,0.6104130281024398,0.49592572490224973,-0.4582407229631946,-0.02522201000181734,-0.0972619682899944,-0.013651751769947252,0.035799401366699624,0.32294474507630144,-0.015421760549880956,0.08513214146964757
schoeneberg,15.890447822292963,-2.544339121830287,4.263374873730648,-2.784199321284396,-6.92634469006079,-1.3845413956982848,0.6825872292169783,6.1723067588302865,1.137948893068771,-1.6696492285967612,-0.5329042281803368,-1.4278009842405035,-3.03826552265003,2.15590702853948,1.1236626103813014,1.4372060123443893,-0.20552081311696566,-0.8682257527875381,0.5787695709675226,1.0255971973503977,0.3005990527340189,-0.04967492600845327,2.348362650337385
siemensstadt,-4.222933088996328,0.9737990172010008,0.19834681952751537,-0.6902893991142786,0.8457609020613006,-0.7724765126599803,-0.4462074382927956,0.7583245385636137,-0.7556509725347146,-0.27986965982817474,0.6020942721696794,0.0311910182155452,-0.02670398649433439,0.13600139718888138,-0.04527510748985911,0.26233061441201827,-0.1637027368613734,0.13473662571772427,-0.024451928683469917,-0.0776815302391903,-0.12557655725853506,-0.5154046892444678,0.22406857758065654
spandau,0.2509232387958167,0.10230731669914526,-0.04575023706450959,-0.7152935984169564,0.37843135418851687,-0.35215727992926776,-0.23244989714077194,0.7572035385334941,-1.1138223474344608,1.063232430141287,0.1640991621552181,0.01087833359191681,-0.3264021394848796,0.17302554793340597,0.3474618762573518,0.2631753476774636,0.11140787201200518,0.2550348810516256,-0.33642300931007996,-0.2915031976690098,-0.16339972490258134,0.07250643545974944,-0.03262651257103051
staaken,0.19134663211613417,-1.4183017919827121,-1.6191441576770116,-0.06734484750671803,0.25585182554724856,-0.16317660727197325,-0.3730161838641967,0.3828405483957001,-1.9873826357750601,0.39807703769569663,-0.3989051933905826,-0.5918411453798347,-0.30812454862800914,-0.2954703814818838,0.023604427776412015,-0.0301875642257043,-0.02258131100441603,0.07683750835767043,-0.24357682489012766,-0.26537814227087986,-0.23317577587569424,-0.005792218242378533,0.16282721960102692
stadtrandsiedlung malchow,-6.384390956067803,1.1935005075377558,1.5949134554540874,-0.03451066203456949,0.059024217550984824,0.23952608783633667,0.5020504675899763,-0.8255180706741467,2.862678358245409,-2.679895685986026,-0.9674500198517773,-0.25479965940366534,0.25531541357477666,0.7403772654425875,1.0012185639901294,-1.234259902894917,0.5847896925794683,-0.5918495352552728,-0.5638178840201786,-0.11953491456094623,1.3700504830644515,0.15321843613608982,-0.12363023076642171
steglitz,5.915470690239001,-3.145892437839973,-0.6599880518439946,0.09340505905222742,-4.370143856798242,-0.003995442832070215,3.8338782191531027,4.882082605312437,0.2935457619865495,0.6553873060604509,0.34316805478796253,0.33299849997977454,7.4144205587404555,0.10841395477107776,-1.0415644874818486,-2.1844039162031175,0.5996518770160366,0.6537921933141355,-0.23275399440170289,-0.6211487921788137,0.3037700852014828,0.15964405303289347,-2.0537430927682223
tegel,-0.15394180971509266,-1.3341430731736426,-0.26305273689208963,0.9545174564214733,-0.7003428832247153,1.4192641845781722,0.34135318863288117,-1.3556240264249757,-0.4629586474198681,1.910311925593414,0.8667010289645611,1.9891612295650987,1.213470955461656,1.5382613939006804,3.290266738817852,0.6327900821310405,-0.5065499819269178,-4.3443961289261,-3.660106091386199,4.288337677356973,-1.719607392922904,-3.410482361436919,-0.7622783802480905
tempelhof,3.207538448122259,-1.0398924672190133,-1.2172142885992,-0.030835633693536656,0.1587681605517988,0.007933846047105442,-0.4556392395323329,0.10373829439750168,-0.09388146772438996,0.3137679715454901,0.06756030371760625,1.2622447740797809,0.3528422585852759,-0.2606859824930028,0.28987290208177424,0.41780943536795234,-0.1554097447119731,-0.1910647729365285,0.12668324598613415,0.15119298221900204,-0.0369708461372078,0.30500154742655206,0.27323864686129795
tiergarten,-2.2524160189687947,3.318272215076574,2.3049550289922247,-0.17587844978155653,0.04739302184087558,0.4955107088539186,-1.1891601370936196,0.12463585531455558,3.138832768416582,2.592953139365168,-0.19418942222987148,2.330316578204423,0.48489231182985615,-0.19895422282874434,-0.03367234220062704,-0.10364044147042568,-0.5089855427655877,-0.2151111612320586,0.5569135532930598,-0.29278110848616173,-0.0353237212417311,1.5360726738940589,1.0781258626411439
waidmannslust,-4.56094464346387,0.6481001646463096,0.30020192775906374,-0.5690558604255828,0.5063213732703665,-0.5934657014566487,-0.17842479512115955,0.3190280014547384,-0.5716118239873194,-0.26508029517519327,-0.5406581440738716,-0.42714318261640993,-0.2085672815786823,-0.8673851180425936,0.20470872074988092,-0.386284609693346,0.08228659586658325,0.03115419056502649,-0.075501873136016,-0.383279530525519,-0.10344624785705239,-0.08116386794511284,0.168499923079319
wannsee,-4.3752405111258375,0.23179632427818564,1.479973980151131,0.43362410984345146,-1.3437039104049056,1.589707223819146,0.5727852028736831,-1.0116537619997124,-0.18907167577145198,-0.1405823064906813,-3.7506370040233987,0.6629452252200742,0.10218960130935038,0.3777808979231369,-3.523644737949267,0.9067580242623161,-3.48978486255809,-1.7417815292250147,0.1755665400918986,-0.18694256475556892,-1.1869371509809739,1.176998262542646,-0.8429117906801868
wartenberg,-5.572892476389639,1.1120689295899913,0.9081397406968909,-0.1956164926458028,0.4960770099588934,-0.35011175980230497,-0.12366256713850768,-0.11002472881547172,1.5549999338342637,-1.1886789722164173,0.3423238154740312,-0.8466767313122632,0.3007321901653134,0.09648051007040394,0.6916354514743188,-0.348388215596212,0.31843705118336896,-0.11772960331325324,-0.40906830119903925,-0.30963111598397564,0.6081223866419349,-0.2857104673483993,0.12686151845324056
wedding,6.887423910521113,1.257901030228908,-1.6733757764931396,-0.7627592007760673,1.6725981298303694,-0.701558800256656,-1.1425091692902323,0.7347719159605383,2.046748290217213,1.5470110630544593,1.13103970831457,1.9939931352871536,0.20887567017188258,-0.3468943576177382,0.7448963244656391,-0.0333195041114422,-1.005608506181668,-0.09758240021841848,0.851410943285645,-0.15835690337642688,-0.4401338231272664,1.4634218664261487,0.31410186436748355
weissensee,1.7324835812738093,-0.17474891627794148,-1.0416949719115904,-0.3258382797458055,0.45609856654920267,-0.4906503580872716,-0.19724083774293344,-0.05310863013957634,-0.25314783137485514,0.5026756298446509,0.6597394760807396,0.3093081867695769,0.03774120442156456,-0.7418641313268317,-0.35703139806022854,0.18192098473003568,-0.19524217638279762,-0.037480820027936894,0.06276636234741474,-0.2226989262105411,-0.2977457695439382,-0.21069115964678364,-0.08549842520904906
westend,0.3160866194706332,-1.6609306395902248,-0.39773902817506673,1.5512159424400576,-1.0282775658216505,1.8688421670709312,1.0845658411488517,-2.438187002636639,2.4387753139154067,1.765729088838207,2.1790746313598186,-1.725984783829116,0.04047235197218244,-0.5133384814903065,-2.1146775031028904,-4.033523133096457,-0.7357092522646292,2.0951812210448333,3.3358139877779767,4.67885064144807,-0.41433470955190177,-0.7517302119114245,2.459164396285145
wilhelmsruh,-4.990628622820418,0.9014301983152235,0.7119232250712292,-0.23880094535805388,0.18928305645058954,-0.3001114313477917,0.18632764836205107,0.03350592103572823,-0.004099966020021044,-0.05978589800616907,0.3093388010875898,-0.35674755545333325,-0.004964865687782579,-0.12270253086963011,-0.060147876223434114,0.12566703149271818,-0.028661635935736802,0.12403404479356493,-0.03434181456363919,-0.2313133197383896,-0.04682328466464365,-0.44143053154328676,0.10402342662958948
wilhelmstadt,-0.45522432089526793,-0.8978600954859757,-0.7840562424383636,0.17336245343346263,0.21860650119643213,0.13662245526433645,0.3541471402546544,-0.03639059679163117,-0.30667814489811396,0.34978003767577276,0.14658970969075288,0.6600241050772968,-0.38474870112700277,0.26817780041943373,0.06078619007786908,-0.4750743458179949,0.0007877927601351337,-0.026684538509649573,0.06337793890992158,0.018238571712503857,0.05728883133567633,0.05763930635165703,-0.18843816789316306
wilmersdorf,10.248935263702146,-3.901393297034297,-0.35573417780656724,1.5036944379501018,-2.6281448440556523,1.4364000469547358,1.9889671476312438,0.2997729644046007,2.2672219544415904,1.3934235073146632,0.9166778123181616,-1.1413653349617205,-3.009407889643511,-0.7955583742226506,0.632955799227749,0.5703620411759229,-0.2671975986874008,-0.14743079958588448,-0.25209243763734396,-0.10707505499487857,-0.2467217399289588,0.6148422306611564,-0.7975509344585069
wittenau,-2.307396085244875,-0.5755774742208712,-0.20340521387982502,0.3300028641769173,-0.015526410491579259,0.47905940081803977,0.22294724236766195,-0.35259948096339944,0.04119886625625622,0.2982154136784747,0.07688792601625921,0.5240508848319164,-0.16573971631847778,0.8673495468761021,0.42296209236702775,-0.33967602020931154,0.1324962405119159,-0.016018083325912792,0.010095913990774853,0.002429621213382785,0.22107370233606524,0.10821985923367469,-0.06258052850864071
zehlendorf,3.3002491896186155,-4.311908481010738,-0.09420799525655141,3.5205117469928338,-1.022024018314514,2.067173268760042,1.2538912034766976,-1.2738345656498795,-0.9141393488785211,0.4410106485436269,-0.9386013524474349,0.5483138653774852,0.27497206402483215,-1.1349150473169147,0.5205140005521376,-0.14880383192900243,0.8197015429934162,0.13007945232411777,-0.6228340664901296,-0.2863445188747659,0.016602782479674495,1.8682286653123943,0.3614183246947878
